aplr1,Steven Thompson,Davis-Elliott
aplr2,Megan Frazier,"Garcia, Ramirez and Shelton"
aplr3,Lori Mejia,Chandler PLC
aplr4,Victor Johnson,Gray PLC
aplr5,Sherry Strickland,"Garcia, Ramirez and Shelton"
aplr6,Barbara Moore,Davis-Elliott
aplr7,Linda Shelton,Davis-Elliott
aplr8,Erica Romero,Gray PLC
aplr9,Tracy Wallace,"Garcia, Ramirez and Shelton"
aplr10,Melissa Walker,"Garcia, Ramirez and Shelton"
aplr11,Keith Williams,Chandler PLC
aplr12,Jackie Chavez,"Garcia, Ramirez and Shelton"
aplr13,Aaron Burnett,Davis-Elliott
aplr14,Monica Caldwell,Chandler PLC
aplr15,Kara Padilla,Davis-Elliott
aplr16,Anthony Nguyen,"Garcia, Ramirez and Shelton"
aplr17,Stephanie Huynh,Davis-Elliott
aplr18,Margaret Thomas,Davis-Elliott
aplr19,Derrick Sanders,Chandler PLC
aplr20,Gary Flores,Gray PLC
aplr21,Melinda Wells,"Garcia, Ramirez and Shelton"
aplr22,Stacy Mcintosh,"Garcia, Ramirez and Shelton"
aplr23,Vickie Villanueva,Gray PLC
aplr24,David Chaney,"Garcia, Ramirez and Shelton"
aplr25,Scott Pugh MD,Gray PLC
aplr26,Justin Robertson,Gray PLC
aplr27,Becky Waller,Chandler PLC
aplr28,Rhonda Shea,Davis-Elliott
aplr29,Sarah Vasquez,Davis-Elliott
aplr30,Katherine Page,Davis-Elliott
aplr31,Heather Morales,"Garcia, Ramirez and Shelton"
aplr32,Jerry Hoffman,Davis-Elliott
aplr33,Leslie Evans,Chandler PLC
aplr34,Austin Jackson,"Garcia, Ramirez and Shelton"
aplr35,Veronica Jacobs,Gray PLC
aplr36,Brandon Conway,Gray PLC
aplr37,Andrew Taylor,"Garcia, Ramirez and Shelton"
aplr38,Michael Taylor,Chandler PLC
aplr39,Julia Long,Gray PLC
aplr40,Jodi Wong,"Garcia, Ramirez and Shelton"
aplr41,Jose Pope,Davis-Elliott
aplr42,Katrina Moore,Chandler PLC
aplr43,Ronald Ibarra,Chandler PLC
aplr44,Jennifer Turner,Davis-Elliott
aplr45,Veronica Figueroa,Davis-Elliott
aplr46,Jared Lopez,Gray PLC
aplr47,Valerie Coleman,Gray PLC
aplr48,Daniel Roberson,"Garcia, Ramirez and Shelton"
aplr49,Casey Rodriguez,"Garcia, Ramirez and Shelton"
aplr50,Maria Gardner,"Garcia, Ramirez and Shelton"
aplr51,Scott Cummings,Davis-Elliott
aplr52,Kevin Warren,Gray PLC
aplr53,Bradley Santos,Gray PLC
aplr54,Scott Taylor,"Garcia, Ramirez and Shelton"
aplr55,Sarah Jones,Davis-Elliott
aplr56,Robert Obrien,Davis-Elliott
aplr57,William Zimmerman,Chandler PLC
aplr58,Cynthia Reyes,Davis-Elliott
aplr59,Amy Brown,"Garcia, Ramirez and Shelton"
aplr60,Aimee Williams,"Garcia, Ramirez and Shelton"
aplr61,Chelsea Collins DDS,"Garcia, Ramirez and Shelton"
aplr62,Edward Mcgee,Davis-Elliott
aplr63,Benjamin Garcia,Chandler PLC
aplr64,Timothy Curtis,Davis-Elliott
aplr65,Cindy Collins,Davis-Elliott
aplr66,Brooke Davis,Davis-Elliott
aplr67,Ryan Taylor,Gray PLC
aplr68,Kevin Jarvis,Gray PLC
aplr69,Hannah Moon,Gray PLC
aplr70,William Stevenson,Gray PLC
aplr71,Shannon Ray,Gray PLC
aplr72,Rachel Carter,"Garcia, Ramirez and Shelton"
aplr73,Gina Taylor,Chandler PLC
aplr74,Martha Scott,Chandler PLC
aplr75,Brittany Wagner,Chandler PLC
aplr76,Marcus Tate,"Garcia, Ramirez and Shelton"
aplr77,Kathy Ruiz,Gray PLC
aplr78,Justin Moran,Chandler PLC
aplr79,Jeremy Roberts,"Garcia, Ramirez and Shelton"
aplr80,Gregory Baker,Davis-Elliott
aplr81,Christopher Harris,Chandler PLC
aplr82,Stephen Sawyer,"Garcia, Ramirez and Shelton"
aplr83,Frank Banks,Chandler PLC
aplr84,Isabella Evans,"Garcia, Ramirez and Shelton"
aplr85,Sandra Lambert,Gray PLC
aplr86,Jenny Lambert,Gray PLC
aplr87,Olivia Ballard,Chandler PLC
aplr88,Cynthia Copeland,"Garcia, Ramirez and Shelton"
aplr89,Sarah Martin,Davis-Elliott
aplr90,Kathleen Gibbs,Gray PLC
aplr91,Gary Andersen,Gray PLC
aplr92,Dillon Hall,"Garcia, Ramirez and Shelton"
aplr93,Danielle Leonard,Chandler PLC
aplr94,Alexander Thomas,Gray PLC
aplr95,Miss Sarah Walker PhD,Gray PLC
aplr96,Emily Shields,Gray PLC
aplr97,Miranda Lara,Gray PLC
aplr98,Crystal Kelley,Chandler PLC
aplr99,Robin Lee,Chandler PLC
aplr100,Benjamin Mullins,Chandler PLC
aplr101,Colleen Garcia,Chandler PLC
aplr102,Kayla Smith,"Garcia, Ramirez and Shelton"
aplr103,Shane Solomon DVM,Chandler PLC
aplr104,Ryan Villanueva,"Garcia, Ramirez and Shelton"
aplr105,Laura Palmer,Davis-Elliott
aplr106,Miranda Adams,Gray PLC
aplr107,Trevor Thomas,Gray PLC
aplr108,Amber West,"Garcia, Ramirez and Shelton"
aplr109,Patrick Chavez,"Garcia, Ramirez and Shelton"
aplr110,Tyler Lee,"Garcia, Ramirez and Shelton"
aplr111,Emily Caldwell,Gray PLC
aplr112,Curtis Ward,Gray PLC
aplr113,Danny Boyle,Chandler PLC
aplr114,Lindsay Lewis,Gray PLC
aplr115,Dawn Herrera,Chandler PLC
aplr116,Joseph Conley,Gray PLC
aplr117,Brett Johnson,"Garcia, Ramirez and Shelton"
aplr118,Kristy Jones,Davis-Elliott
aplr119,Stephanie Lawrence,Davis-Elliott
aplr120,Jack Torres,Gray PLC
aplr121,Joan Patrick,"Garcia, Ramirez and Shelton"
aplr122,Daniel Vargas,Chandler PLC
aplr123,Alicia Hill,Gray PLC
aplr124,Christine Lewis,"Garcia, Ramirez and Shelton"
aplr125,Brett Morgan,Gray PLC
aplr126,Barbara Brooks,Gray PLC
aplr127,Kathryn Brady,"Garcia, Ramirez and Shelton"
aplr128,Amanda Larsen,Chandler PLC
aplr129,Katie Jenkins,Davis-Elliott
aplr130,Sandra Carlson,"Garcia, Ramirez and Shelton"
aplr131,Jennifer Ford,Davis-Elliott
aplr132,Kevin Warren,Gray PLC
aplr133,Ryan Petersen,Chandler PLC
aplr134,Mary Cain,Gray PLC
aplr135,Daniel Ellis,Davis-Elliott
aplr136,Derrick Nguyen,"Garcia, Ramirez and Shelton"
aplr137,Joe Delgado,Chandler PLC
aplr138,Carol Choi,Gray PLC
aplr139,Elizabeth Hammond,Chandler PLC
aplr140,Donald Larson,Gray PLC
aplr141,Danielle Rivera,Davis-Elliott
aplr142,Marie Knapp,Chandler PLC
aplr143,Jose Reeves,Davis-Elliott
aplr144,Jennifer Burnett,Davis-Elliott
aplr145,Samantha Chung,Gray PLC
aplr146,Jessica Elliott,Chandler PLC
aplr147,Terry Bartlett,Chandler PLC
aplr148,Brittney Sanchez,Gray PLC
aplr149,Megan Luna,Gray PLC
aplr150,Richard Hines,Gray PLC
aplr151,Mr. Nicholas Montoya,Gray PLC
aplr152,Robert Carson,Davis-Elliott
aplr153,Bruce Morgan,Chandler PLC
aplr154,Bradley Roberts,Davis-Elliott
aplr155,Nancy Stone,Davis-Elliott
aplr156,John Rice,Chandler PLC
aplr157,Megan Christensen,Chandler PLC
aplr158,Kimberly Gutierrez,Davis-Elliott
aplr159,Curtis Duncan,Davis-Elliott
aplr160,Victoria Johnson,Davis-Elliott
aplr161,Matthew Garrett,Davis-Elliott
aplr162,Sharon Skinner,Chandler PLC
aplr163,Kyle Key,Davis-Elliott
aplr164,Jason Cole,Gray PLC
aplr165,Tammy Hoffman,Gray PLC
aplr166,Brent Miller,Gray PLC
aplr167,Angela Hudson,Chandler PLC
aplr168,Jennifer Norman,"Garcia, Ramirez and Shelton"
aplr169,Timothy Stewart,Davis-Elliott
aplr170,Jeffrey Munoz,"Garcia, Ramirez and Shelton"
aplr171,John Guzman,Davis-Elliott
aplr172,Laurie Allen,Gray PLC
aplr173,Abigail Johnson,Chandler PLC
aplr174,Derek Brown,Chandler PLC
aplr175,Melissa Taylor,Gray PLC
aplr176,Thomas Willis,Gray PLC
aplr177,Sherry Boyer,Davis-Elliott
aplr178,Michelle Garcia,Chandler PLC
aplr179,Evelyn Martin,"Garcia, Ramirez and Shelton"
aplr180,Christopher Watson,Gray PLC
aplr181,Anthony Vaughn,"Garcia, Ramirez and Shelton"
aplr182,Thomas Maldonado,Davis-Elliott
aplr183,Kevin Brown,Gray PLC
aplr184,Patrick Mendez,Chandler PLC
aplr185,Harry Wilson,"Garcia, Ramirez and Shelton"
aplr186,Brian Potter,"Garcia, Ramirez and Shelton"
aplr187,Miguel Paul,"Garcia, Ramirez and Shelton"
aplr188,Gregory Stevenson,Davis-Elliott
aplr189,Kimberly Smith,Davis-Elliott
aplr190,Gina Combs,"Garcia, Ramirez and Shelton"
aplr191,Caitlin Gibson,"Garcia, Ramirez and Shelton"
aplr192,Anthony Richardson,Davis-Elliott
aplr193,Evan Dominguez,"Garcia, Ramirez and Shelton"
aplr194,Amanda Morales,Gray PLC
aplr195,Nathan Moore,"Garcia, Ramirez and Shelton"
aplr196,Erin Nichols,Gray PLC
aplr197,John Williams,Gray PLC
aplr198,Phillip Torres,Chandler PLC
aplr199,George Martinez,"Garcia, Ramirez and Shelton"
aplr200,Kelly Pearson,Chandler PLC
aplr201,Hayley Cobb,Davis-Elliott
aplr202,Cindy Lopez,Davis-Elliott
aplr203,Matthew Nelson,Chandler PLC
aplr204,Thomas Murphy,Chandler PLC
aplr205,Lisa Turner,Gray PLC
aplr206,Dr. Tyler Farley MD,Chandler PLC
aplr207,Jessica Hernandez,Davis-Elliott
aplr208,Carolyn Mcmillan,Chandler PLC
aplr209,Emily Mccoy,Davis-Elliott
aplr210,Carol Johnson,Chandler PLC
aplr211,Michael Jenkins,Gray PLC
aplr212,Lori Miller,Gray PLC
aplr213,Sandra Love,Davis-Elliott
aplr214,Christina Walker,"Garcia, Ramirez and Shelton"
aplr215,Nicholas Lutz,"Garcia, Ramirez and Shelton"
aplr216,Briana Lopez,Gray PLC
aplr217,Christopher Greene,Gray PLC
aplr218,Tiffany Sims,Davis-Elliott
aplr219,Megan Vaughan,Gray PLC
aplr220,Donald Mitchell,Gray PLC
aplr221,Stephanie Carey,Davis-Elliott
aplr222,Amy Myers,Davis-Elliott
aplr223,Anna Faulkner,"Garcia, Ramirez and Shelton"
aplr224,Ellen Romero,Chandler PLC
aplr225,Felicia Fisher,Davis-Elliott
aplr226,Zachary Guzman,Chandler PLC
aplr227,Sean Jones,Davis-Elliott
aplr228,Jason Rhodes,"Garcia, Ramirez and Shelton"
aplr229,Kent Johnson,Gray PLC
aplr230,Kelly Hill,Chandler PLC
aplr231,Tracy Boyle,"Garcia, Ramirez and Shelton"
aplr232,Brittany Shaw,"Garcia, Ramirez and Shelton"
aplr233,Terry Johnson,"Garcia, Ramirez and Shelton"
aplr234,Wayne Pearson,"Garcia, Ramirez and Shelton"
aplr235,Cody Grant,"Garcia, Ramirez and Shelton"
aplr236,Amber Yates,Chandler PLC
aplr237,Eric Phillips,"Garcia, Ramirez and Shelton"
aplr238,Melissa Price,"Garcia, Ramirez and Shelton"
aplr239,Jennifer Smith,"Garcia, Ramirez and Shelton"
aplr240,Anita Burnett,Davis-Elliott
aplr241,Angela Diaz,Chandler PLC
aplr242,Jared Oliver,Gray PLC
aplr243,David Davis,"Garcia, Ramirez and Shelton"
aplr244,Peter Lee,Chandler PLC
aplr245,David Hutchinson,Davis-Elliott
aplr246,Kelly Hampton,Chandler PLC
aplr247,Jessica Thomas,Davis-Elliott
aplr248,Shannon Kim,Davis-Elliott
aplr249,Jose Dixon,Gray PLC
aplr250,Kristen Jones,Davis-Elliott
aplr251,Stephen Stephenson,"Garcia, Ramirez and Shelton"
aplr252,Brian Fisher,"Garcia, Ramirez and Shelton"
aplr253,Dr. Mike Boyle,Chandler PLC
aplr254,Melinda Johns,"Garcia, Ramirez and Shelton"
aplr255,Natalie Coleman,Gray PLC
aplr256,Tanya Patterson,Chandler PLC
aplr257,Hannah Williams,Chandler PLC
aplr258,Angela Chan,Davis-Elliott
aplr259,Connie Morgan,Davis-Elliott
aplr260,Vanessa Lester,Davis-Elliott
aplr261,Mark Alvarez,Gray PLC
aplr262,Alicia Good,Gray PLC
aplr263,Jenny Taylor,Davis-Elliott
aplr264,Ashley Beltran,Chandler PLC
aplr265,Jackie Brown,Davis-Elliott
aplr266,Joshua Palmer,Davis-Elliott
aplr267,Michael Santos,Chandler PLC
aplr268,Joseph Wilson,Chandler PLC
aplr269,Jessica Sanders,Gray PLC
aplr270,Sheri Pena,Chandler PLC
aplr271,Luke Mcdaniel,Chandler PLC
aplr272,Barbara Massey,"Garcia, Ramirez and Shelton"
aplr273,Dawn Roth,Davis-Elliott
aplr274,Brandi Martin,Gray PLC
aplr275,Benjamin Pena,Gray PLC
aplr276,Cynthia Hoffman,"Garcia, Ramirez and Shelton"
aplr277,Jay Murray,Davis-Elliott
aplr278,Anthony Williams,Gray PLC
aplr279,Thomas Bolton,"Garcia, Ramirez and Shelton"
aplr280,Madeline Davidson,Chandler PLC
aplr281,Jessica Smith,Chandler PLC
aplr282,Steven Combs,Gray PLC
aplr283,Brandon Smith,"Garcia, Ramirez and Shelton"
aplr284,Christy Benson,Davis-Elliott
aplr285,Megan Mata,Chandler PLC
aplr286,Karen Palmer,Davis-Elliott
aplr287,Jerry White,Davis-Elliott
aplr288,Mary Mcintyre,Gray PLC
aplr289,Amy Gardner,Chandler PLC
aplr290,Sara Garcia,Davis-Elliott
aplr291,Kelly Davis,"Garcia, Ramirez and Shelton"
aplr292,Wyatt Zimmerman,Davis-Elliott
aplr293,Michael Thomas,"Garcia, Ramirez and Shelton"
aplr294,Allison Williams,"Garcia, Ramirez and Shelton"
aplr295,Peter Curtis,"Garcia, Ramirez and Shelton"
aplr296,Joshua Green,"Garcia, Ramirez and Shelton"
aplr297,Justin Rivera,Gray PLC
aplr298,Regina Schmitt,Chandler PLC
aplr299,Joshua Thompson,Chandler PLC
aplr300,James Miller,"Garcia, Ramirez and Shelton"
aplr301,Brent Tyler,"Garcia, Ramirez and Shelton"
aplr302,Raymond Lewis,"Garcia, Ramirez and Shelton"
aplr303,Amanda Morales,Gray PLC
aplr304,Mary Serrano,Gray PLC
aplr305,Mark Novak,Davis-Elliott
aplr306,Maurice Robertson,Chandler PLC
aplr307,Ashley Smith,Gray PLC
aplr308,Allison Holt,Gray PLC
aplr309,Michael Lucas,Gray PLC
aplr310,Jennifer Watkins,Gray PLC
aplr311,Joel Mason,Chandler PLC
aplr312,Hannah Hawkins,Davis-Elliott
aplr313,Mr. Donald Pitts III,Chandler PLC
aplr314,Caitlin Mcdonald,"Garcia, Ramirez and Shelton"
aplr315,Leon Rodriguez,Chandler PLC
aplr316,Tiffany Trujillo,Gray PLC
aplr317,Jonathan Perkins,Gray PLC
aplr318,Kelly Parker,Davis-Elliott
aplr319,David Morrow,Davis-Elliott
aplr320,Laura Baldwin,Davis-Elliott
aplr321,Adrian Zavala,Gray PLC
aplr322,Margaret Hart,"Garcia, Ramirez and Shelton"
aplr323,Natasha Hernandez,Davis-Elliott
aplr324,Trevor Henderson,Gray PLC
aplr325,Charles Clayton,Chandler PLC
aplr326,James Moore,Davis-Elliott
aplr327,Leslie Richards,Chandler PLC
aplr328,Rebecca Mckee,Chandler PLC
aplr329,Heidi Hamilton,Davis-Elliott
aplr330,Matthew Wilson,Gray PLC
aplr331,Gary Armstrong,Gray PLC
aplr332,George Ross,"Garcia, Ramirez and Shelton"
aplr333,Angela Morgan,"Garcia, Ramirez and Shelton"
aplr334,Traci Boyd,Gray PLC
aplr335,Alejandro Ward,Davis-Elliott
aplr336,Patrick Hernandez,Davis-Elliott
aplr337,Stefanie Douglas,Gray PLC
aplr338,Jon Stein,Chandler PLC
aplr339,Luke Butler,Gray PLC
aplr340,Michael Conner,Gray PLC
aplr341,Laurie Mayer,"Garcia, Ramirez and Shelton"
aplr342,Ashley Graham,"Garcia, Ramirez and Shelton"
aplr343,Michael Smith,Davis-Elliott
aplr344,Christopher Brown,"Garcia, Ramirez and Shelton"
aplr345,Charles Bowen,Chandler PLC
aplr346,Joshua Gomez,Gray PLC
aplr347,Kyle Stein,Chandler PLC
aplr348,Stacy Sherman,Gray PLC
aplr349,Travis Wu,Davis-Elliott
aplr350,John Martinez,Chandler PLC
aplr351,Erin Garza,Chandler PLC
aplr352,Adrian Randolph,Gray PLC
aplr353,Amanda Walters,Gray PLC
aplr354,Larry Trujillo,Gray PLC
aplr355,Brian Mitchell,Davis-Elliott
aplr356,Juan Leach,Chandler PLC
aplr357,Stacy Reynolds,Chandler PLC
aplr358,Keith Johnson,Chandler PLC
aplr359,Kevin Martinez,"Garcia, Ramirez and Shelton"
aplr360,Willie Richardson,Chandler PLC
aplr361,Jose Rosales,Davis-Elliott
aplr362,Amy Jacobs,Chandler PLC
aplr363,Jonathan Reed,Chandler PLC
aplr364,Jonathan Forbes,Davis-Elliott
aplr365,Mr. Joseph Perkins,Davis-Elliott
aplr366,Maria Torres,Davis-Elliott
aplr367,Brenda Jones,Gray PLC
aplr368,Stephen Moore,Chandler PLC
aplr369,Timothy Green,Chandler PLC
aplr370,Richard Morales,Chandler PLC
aplr371,Dustin Huynh,Davis-Elliott
aplr372,Nicholas Simon,Chandler PLC
aplr373,Mindy Stevens,Gray PLC
aplr374,Breanna Wolfe,Chandler PLC
aplr375,Gabriel Mitchell,"Garcia, Ramirez and Shelton"
aplr376,Craig King,Davis-Elliott
aplr377,Donna Grant,"Garcia, Ramirez and Shelton"
aplr378,Cassandra Jacobson,Davis-Elliott
aplr379,Riley Maxwell,Gray PLC
aplr380,Lisa Medina,Gray PLC
aplr381,Christopher Burton,Chandler PLC
aplr382,Robert Knight,Davis-Elliott
aplr383,Chloe Cardenas,"Garcia, Ramirez and Shelton"
aplr384,Amy Kelly,Davis-Elliott
aplr385,Mary Collier,Gray PLC
aplr386,Tanya Schwartz,Gray PLC
aplr387,Jennifer Sexton,Chandler PLC
aplr388,Terry Vasquez,Gray PLC
aplr389,Ana Hernandez,Gray PLC
aplr390,Tracy Daniel,Chandler PLC
aplr391,Kimberly Taylor,"Garcia, Ramirez and Shelton"
aplr392,Brian Carpenter,Davis-Elliott
aplr393,Christopher Vargas,Chandler PLC
aplr394,Troy Chapman,Chandler PLC
aplr395,Eric Jones,Gray PLC
aplr396,Thomas Allison,Davis-Elliott
aplr397,John Diaz,Chandler PLC
aplr398,William Spencer II,"Garcia, Ramirez and Shelton"
aplr399,Diana Wall,"Garcia, Ramirez and Shelton"
aplr400,Robert Marquez,Chandler PLC
aplr401,Diane Gilbert,Gray PLC
aplr402,Christina Wiggins,"Garcia, Ramirez and Shelton"
aplr403,Sabrina Baker DDS,Gray PLC
aplr404,Kathy Stone,Gray PLC
aplr405,Brittany Ramirez,Chandler PLC
aplr406,Jamie Ali,Gray PLC
aplr407,Amy Boyd,Davis-Elliott
aplr408,Lori Sparks,"Garcia, Ramirez and Shelton"
aplr409,Michael Anderson,Davis-Elliott
aplr410,Harold Jackson,"Garcia, Ramirez and Shelton"
aplr411,Julie Wilson,Chandler PLC
aplr412,Howard Harris,Chandler PLC
aplr413,Maria Pena,Davis-Elliott
aplr414,Leonard Holmes,Davis-Elliott
aplr415,Brian Mcdonald,Gray PLC
aplr416,Michael Miles,Chandler PLC
aplr417,Brian Shaffer,Davis-Elliott
aplr418,Brian Burns,Davis-Elliott
aplr419,Kevin Price,"Garcia, Ramirez and Shelton"
aplr420,Garrett Mckee,"Garcia, Ramirez and Shelton"
aplr421,Valerie Davis,"Garcia, Ramirez and Shelton"
aplr422,John Briggs,Chandler PLC
aplr423,Valerie Mccoy,"Garcia, Ramirez and Shelton"
aplr424,Jessica Clark,Gray PLC
aplr425,Anthony Escobar,Chandler PLC
aplr426,Mark Thompson,Gray PLC
aplr427,James Weiss,Chandler PLC
aplr428,Chloe Farmer,Davis-Elliott
aplr429,Paula Williams,Chandler PLC
aplr430,Nathaniel Savage,Chandler PLC
aplr431,Kristin Novak,"Garcia, Ramirez and Shelton"
aplr432,Daniel Norton DDS,Chandler PLC
aplr433,Diana Chen,"Garcia, Ramirez and Shelton"
aplr434,Patrick Copeland,Chandler PLC
aplr435,David Riley,"Garcia, Ramirez and Shelton"
aplr436,Billy Ward,"Garcia, Ramirez and Shelton"
aplr437,Charles Roberts MD,Davis-Elliott
aplr438,Yvonne Mcclain,Chandler PLC
aplr439,Beth Peters,Davis-Elliott
aplr440,April Villanueva,Davis-Elliott
aplr441,Luis Lowe,Chandler PLC
aplr442,Gregory Bishop,Davis-Elliott
aplr443,Cory Mclean,Davis-Elliott
aplr444,Amanda Watson,"Garcia, Ramirez and Shelton"
aplr445,Carl Walls,"Garcia, Ramirez and Shelton"
aplr446,Dawn Shaffer,Gray PLC
aplr447,Paul Norman,Davis-Elliott
aplr448,Kathy Richardson,Chandler PLC
aplr449,David Ayala,Chandler PLC
aplr450,Ian Patton,"Garcia, Ramirez and Shelton"
aplr451,Michelle Robertson,Chandler PLC
aplr452,Mark Ryan,Chandler PLC
aplr453,Amy Smith,Gray PLC
aplr454,Anthony Bennett,Gray PLC
aplr455,Donna Brock,Davis-Elliott
aplr456,Natalie Small,Chandler PLC
aplr457,Arthur Newton DDS,Gray PLC
aplr458,Sara Johnson,Chandler PLC
aplr459,Aaron Harris,Davis-Elliott
aplr460,Kirk Powell,"Garcia, Ramirez and Shelton"
aplr461,Travis Baldwin,"Garcia, Ramirez and Shelton"
aplr462,Charles Bailey,Davis-Elliott
aplr463,Denise Thompson,"Garcia, Ramirez and Shelton"
aplr464,Robert Davis,Chandler PLC
aplr465,Lance Roth,"Garcia, Ramirez and Shelton"
aplr466,Alexandra George,"Garcia, Ramirez and Shelton"
aplr467,Corey Wilson,Davis-Elliott
aplr468,Carrie Glover,Gray PLC
aplr469,Christopher Davis,Davis-Elliott
aplr470,Michael Steele,Chandler PLC
aplr471,Edward Juarez,"Garcia, Ramirez and Shelton"
aplr472,Teresa Waters,"Garcia, Ramirez and Shelton"
aplr473,Alison Ray,Davis-Elliott
aplr474,Justin Smith,"Garcia, Ramirez and Shelton"
aplr475,Jessica Davis,Chandler PLC
aplr476,Pamela Mendez,"Garcia, Ramirez and Shelton"
aplr477,Cynthia Preston,Gray PLC
aplr478,Todd Acosta,Gray PLC
aplr479,Kimberly Williams,Gray PLC
aplr480,David Martin,Davis-Elliott
aplr481,Cindy Collier,Chandler PLC
aplr482,Nicholas Mcknight,Davis-Elliott
aplr483,Brett Goodwin,Gray PLC
aplr484,Mercedes Hood,Chandler PLC
aplr485,Larry Gutierrez,Gray PLC
aplr486,Douglas Flowers,Gray PLC
aplr487,Johnny Schneider,Chandler PLC
aplr488,Ashley Campbell,"Garcia, Ramirez and Shelton"
aplr489,Darryl Terrell,"Garcia, Ramirez and Shelton"
aplr490,Derrick Pennington,Gray PLC
aplr491,David Jacobs,Davis-Elliott
aplr492,Amanda Clarke,Chandler PLC
aplr493,John Woods,Gray PLC
aplr494,Zachary Garcia,Chandler PLC
aplr495,Michael Harrison,Chandler PLC
aplr496,Sharon Buckley,Chandler PLC
aplr497,Sarah Diaz,Chandler PLC
aplr498,Sherry Wilson,Chandler PLC
aplr499,Jesse Hubbard,"Garcia, Ramirez and Shelton"
aplr500,Brad Wiggins,Chandler PLC
aplr501,Melissa Miller,Gray PLC
aplr502,Jeffery Thomas,Davis-Elliott
aplr503,Jeremy Gutierrez,Gray PLC
aplr504,Alejandro Mcbride,Davis-Elliott
aplr505,Alicia Fuentes,Chandler PLC
aplr506,Sally Roberts,Chandler PLC
aplr507,Jessica Brown,Chandler PLC
aplr508,Allison Jackson,Gray PLC
aplr509,Lauren Lawrence,"Garcia, Ramirez and Shelton"
aplr510,James Mitchell,Davis-Elliott
aplr511,Mr. Bobby Ruiz,Gray PLC
aplr512,Margaret Coleman,Gray PLC
aplr513,Kelli Johnson,"Garcia, Ramirez and Shelton"
aplr514,David Michael,"Garcia, Ramirez and Shelton"
aplr515,Kayla Cervantes,Davis-Elliott
aplr516,Bethany Bishop,Davis-Elliott
aplr517,Isaac Espinoza,Davis-Elliott
aplr518,James Gray,Davis-Elliott
aplr519,Eric Vance DDS,Chandler PLC
aplr520,Dorothy Hughes,Chandler PLC
aplr521,Brandy Johnson,Davis-Elliott
aplr522,Alexandra Lawrence,Davis-Elliott
aplr523,Holly Johnson,Davis-Elliott
aplr524,Joshua Sanford,"Garcia, Ramirez and Shelton"
aplr525,Michelle Graham,"Garcia, Ramirez and Shelton"
aplr526,James Hayes,Gray PLC
aplr527,Connie Berry,Gray PLC
aplr528,Michael Ross,Davis-Elliott
aplr529,Cindy Smith,Davis-Elliott
aplr530,Robert Gray,"Garcia, Ramirez and Shelton"
aplr531,Michael Burns,Gray PLC
aplr532,Steve Jackson,Davis-Elliott
aplr533,Edwin Zimmerman,Gray PLC
aplr534,David Schultz,Chandler PLC
aplr535,Jacqueline Smith,Davis-Elliott
aplr536,Jon Jones,Chandler PLC
aplr537,Patrick Zavala Jr.,Gray PLC
aplr538,Eric Harper,Chandler PLC
aplr539,Christopher Cook,Gray PLC
aplr540,Ashlee Casey,Davis-Elliott
aplr541,Victoria Pierce,Chandler PLC
aplr542,Jennifer Martin,Davis-Elliott
aplr543,Christina Ibarra,Chandler PLC
aplr544,Michael Hayes,Chandler PLC
aplr545,Jason Warner,Chandler PLC
aplr546,Elizabeth Martin,Chandler PLC
aplr547,Chad Smith,Davis-Elliott
aplr548,Tina Hartman,Davis-Elliott
aplr549,Tracy Rice,Gray PLC
aplr550,Trevor Taylor,Gray PLC
aplr551,Joshua Johnson,Chandler PLC
aplr552,Belinda Santos,Chandler PLC
aplr553,David Reed,Gray PLC
aplr554,Brian Franklin,"Garcia, Ramirez and Shelton"
aplr555,Mark Harris,Davis-Elliott
aplr556,Jennifer Woods,Davis-Elliott
aplr557,Kathleen Dunn,Gray PLC
aplr558,Sandra Kelly,"Garcia, Ramirez and Shelton"
aplr559,Anthony Massey,"Garcia, Ramirez and Shelton"
aplr560,Kimberly Gutierrez,Chandler PLC
aplr561,Caleb Vazquez,Chandler PLC
aplr562,Meredith Watson,Davis-Elliott
aplr563,Mr. Randy Hatfield,Gray PLC
aplr564,Timothy Smith,Davis-Elliott
aplr565,Julie Adkins,"Garcia, Ramirez and Shelton"
aplr566,Jennifer Gardner,Davis-Elliott
aplr567,Dylan Morales,"Garcia, Ramirez and Shelton"
aplr568,Heather Kim,Davis-Elliott
aplr569,Deborah Young,Chandler PLC
aplr570,Kevin Martin,Davis-Elliott
aplr571,Michael Rodriguez,Gray PLC
aplr572,Cassandra Harvey,Gray PLC
aplr573,Dylan Martin,Gray PLC
aplr574,Daniel Torres,"Garcia, Ramirez and Shelton"
aplr575,Martha Adkins,Davis-Elliott
aplr576,Jennifer Conway,Gray PLC
aplr577,Susan Donovan,"Garcia, Ramirez and Shelton"
aplr578,Brandy Dudley,Davis-Elliott
aplr579,Donald Martin,Davis-Elliott
aplr580,Susan Medina,Chandler PLC
aplr581,Andrea Hernandez,Chandler PLC
aplr582,Toni Calderon,Gray PLC
aplr583,Joseph Reyes,Davis-Elliott
aplr584,Jonathan Adams,Gray PLC
aplr585,Henry Brooks,Gray PLC
aplr586,Lisa Stephens,"Garcia, Ramirez and Shelton"
aplr587,Kristina Benson,"Garcia, Ramirez and Shelton"
aplr588,Christina Parker,Gray PLC
aplr589,Jill Peterson,Gray PLC
aplr590,Clinton Skinner,"Garcia, Ramirez and Shelton"
aplr591,James Jacobson,Davis-Elliott
aplr592,Debra Ewing,Gray PLC
aplr593,James Andrews,Gray PLC
aplr594,Karen Bates,"Garcia, Ramirez and Shelton"
aplr595,Martha Murphy,Davis-Elliott
aplr596,Jonathan Mendez,Chandler PLC
aplr597,Wendy Bishop,Chandler PLC
aplr598,Mark Ortiz,Gray PLC
aplr599,Kevin Tran,Davis-Elliott
aplr600,Kimberly Martin,Gray PLC
aplr601,Dean Fernandez,Gray PLC
aplr602,Lonnie Lowe,Gray PLC
aplr603,Chelsea Anderson,Gray PLC
aplr604,Nicole Blake,"Garcia, Ramirez and Shelton"
aplr605,Kerri King,Chandler PLC
aplr606,Shelia Mendoza,"Garcia, Ramirez and Shelton"
aplr607,Nathan Jackson,Chandler PLC
aplr608,Joseph Thomas,Davis-Elliott
aplr609,Francisco Hall,Gray PLC
aplr610,Diane Jackson,Davis-Elliott
aplr611,Teresa Coleman,Chandler PLC
aplr612,Glenn Smith,Gray PLC
aplr613,John Li,"Garcia, Ramirez and Shelton"
aplr614,Donald Hill,Chandler PLC
aplr615,Austin Thomas,Davis-Elliott
aplr616,Elizabeth Nicholson,"Garcia, Ramirez and Shelton"
aplr617,Mr. Patrick Evans,Gray PLC
aplr618,David Payne,Gray PLC
aplr619,Pamela Walsh,"Garcia, Ramirez and Shelton"
aplr620,Aaron Armstrong,Chandler PLC
aplr621,Harold Miller,"Garcia, Ramirez and Shelton"
aplr622,Lisa Stein,Davis-Elliott
aplr623,Isabel Carney,Gray PLC
aplr624,Jennifer Stephenson MD,Davis-Elliott
aplr625,Andrew Williams,"Garcia, Ramirez and Shelton"
aplr626,Carolyn Bates,Gray PLC
aplr627,Scott Davis,"Garcia, Ramirez and Shelton"
aplr628,Hannah Norman,Gray PLC
aplr629,Timothy Cardenas,Davis-Elliott
aplr630,Richard Williams,Chandler PLC
aplr631,Christopher Gutierrez,Davis-Elliott
aplr632,Gary Williams,Gray PLC
aplr633,Brandon Maldonado,Chandler PLC
aplr634,Sheila Palmer,Davis-Elliott
aplr635,Michael Young,Davis-Elliott
aplr636,Patricia Mccoy,Gray PLC
aplr637,Lisa Harris,Gray PLC
aplr638,Shannon Simon,Chandler PLC
aplr639,John Lucero,Davis-Elliott
aplr640,Dustin Schmitt,Chandler PLC
aplr641,Ms. Shannon Anderson DDS,Gray PLC
aplr642,Amy Patrick,Davis-Elliott
aplr643,Gary Wright,Davis-Elliott
aplr644,Christina Johnson,"Garcia, Ramirez and Shelton"
aplr645,Tammie Perez,"Garcia, Ramirez and Shelton"
aplr646,Nicole Wilkinson,Davis-Elliott
aplr647,Daryl Wilson,Chandler PLC
aplr648,Paul Smith,Gray PLC
aplr649,James Kim,"Garcia, Ramirez and Shelton"
aplr650,David Mendoza,"Garcia, Ramirez and Shelton"
aplr651,Joseph Foster,"Garcia, Ramirez and Shelton"
aplr652,Amanda Gray,Gray PLC
aplr653,Erik Terry,"Garcia, Ramirez and Shelton"
aplr654,Ms. Amy Welch,Davis-Elliott
aplr655,Sheri Quinn,Gray PLC
aplr656,Jamie Wilson,Davis-Elliott
aplr657,Kenneth Herrera,Gray PLC
aplr658,Marissa Reynolds,Gray PLC
aplr659,Michael Day,Davis-Elliott
aplr660,Ryan Cook,Chandler PLC
aplr661,William Richmond,Gray PLC
aplr662,Christina Olsen,Davis-Elliott
aplr663,Bonnie Perez,Gray PLC
aplr664,Gerald Mcdaniel,Chandler PLC
aplr665,Anthony Mccormick,Davis-Elliott
aplr666,Amanda Burns,Gray PLC
aplr667,Tanya Higgins,Chandler PLC
aplr668,Gary Juarez,"Garcia, Ramirez and Shelton"
aplr669,Ashley Sullivan,Chandler PLC
aplr670,Brian Woodward,Davis-Elliott
aplr671,Herbert Abbott MD,Davis-Elliott
aplr672,Kathryn Johns,Gray PLC
aplr673,Mallory Day,Gray PLC
aplr674,Wendy Jimenez,Davis-Elliott
aplr675,Kimberly Torres,"Garcia, Ramirez and Shelton"
aplr676,Kathleen Ramirez,Davis-Elliott
aplr677,Monica Scott,Gray PLC
aplr678,Jordan Mcmillan,Davis-Elliott
aplr679,Jason Mendoza,Gray PLC
aplr680,Luke Nichols,Gray PLC
aplr681,Ryan Cook,Davis-Elliott
aplr682,Lucas Chavez,Davis-Elliott
aplr683,Billy Delgado,Davis-Elliott
aplr684,Cory Hall,"Garcia, Ramirez and Shelton"
aplr685,Michael Williams,"Garcia, Ramirez and Shelton"
aplr686,Carl Ruiz,Gray PLC
aplr687,Kathleen Potter,"Garcia, Ramirez and Shelton"
aplr688,Kristine Williams,Davis-Elliott
aplr689,Elizabeth Jones,"Garcia, Ramirez and Shelton"
aplr690,James Walker,Chandler PLC
aplr691,Alexander Smith,Davis-Elliott
aplr692,Michael Nguyen,Gray PLC
aplr693,Thomas Herrera,Gray PLC
aplr694,Edgar Hall,Davis-Elliott
aplr695,Miguel Taylor,Chandler PLC
aplr696,Paul Parker,Chandler PLC
aplr697,Angela Smith,Gray PLC
aplr698,Keith Russo,"Garcia, Ramirez and Shelton"
aplr699,Carlos Mckinney,Davis-Elliott
aplr700,Crystal Allison,"Garcia, Ramirez and Shelton"
aplr701,Joseph Buckley,Davis-Elliott
aplr702,Morgan Dodson,Chandler PLC
aplr703,Tyler Barker,"Garcia, Ramirez and Shelton"
aplr704,Rachel Barber,"Garcia, Ramirez and Shelton"
aplr705,Reginald Martin,"Garcia, Ramirez and Shelton"
aplr706,Kelly Sandoval,Davis-Elliott
aplr707,Elizabeth Bryan,"Garcia, Ramirez and Shelton"
aplr708,Richard Chen,"Garcia, Ramirez and Shelton"
aplr709,Brandon Cunningham,Davis-Elliott
aplr710,Haley Wilson,Davis-Elliott
aplr711,Susan Marshall DDS,Davis-Elliott
aplr712,Melissa Craig,Gray PLC
aplr713,Patrick Wagner,"Garcia, Ramirez and Shelton"
aplr714,Eric Myers,Chandler PLC
aplr715,Joseph Glover,Davis-Elliott
aplr716,Christopher Hernandez,Chandler PLC
aplr717,Hunter Hicks,"Garcia, Ramirez and Shelton"
aplr718,Nicholas Taylor,Gray PLC
aplr719,Michael Hernandez,Gray PLC
aplr720,Rhonda Thompson,"Garcia, Ramirez and Shelton"
aplr721,Christopher Ramos,Davis-Elliott
aplr722,Elaine Thomas,Chandler PLC
aplr723,Sarah Steele,Chandler PLC
aplr724,Mary Green,"Garcia, Ramirez and Shelton"
aplr725,John Gutierrez,Chandler PLC
aplr726,Alexander Carr,Davis-Elliott
aplr727,Shelly Hart,Gray PLC
aplr728,Michelle Zamora,Gray PLC
aplr729,Amy Fernandez,Gray PLC
aplr730,Krista Brown,Chandler PLC
aplr731,Julia Perry,Chandler PLC
aplr732,Suzanne Dawson,Davis-Elliott
aplr733,Robert Turner,Davis-Elliott
aplr734,Stacy Williams,"Garcia, Ramirez and Shelton"
aplr735,Jimmy Bauer,Davis-Elliott
aplr736,Amber Harris,"Garcia, Ramirez and Shelton"
aplr737,Evan Murray,Gray PLC
aplr738,Dustin Wilson,"Garcia, Ramirez and Shelton"
aplr739,Melissa Mullen,"Garcia, Ramirez and Shelton"
aplr740,Marvin Walker,Chandler PLC
aplr741,Darlene Freeman,Davis-Elliott
aplr742,Alexandra Vasquez,Davis-Elliott
aplr743,Stephanie Roth,"Garcia, Ramirez and Shelton"
aplr744,Kevin Irwin,Gray PLC
aplr745,Thomas Green,Chandler PLC
aplr746,Shelby Morgan,Gray PLC
aplr747,Matthew Booth,Davis-Elliott
aplr748,Jane Kline,Chandler PLC
aplr749,Roy Miller PhD,Chandler PLC
aplr750,John Lane,Davis-Elliott
aplr751,Michael Carrillo,Davis-Elliott
aplr752,Angela Taylor,"Garcia, Ramirez and Shelton"
aplr753,Amy Gray,"Garcia, Ramirez and Shelton"
aplr754,Danny Chan,Davis-Elliott
aplr755,Heather Castillo,Davis-Elliott
aplr756,Hailey Dixon,Gray PLC
aplr757,David Benitez,"Garcia, Ramirez and Shelton"
aplr758,Diana Freeman,Chandler PLC
aplr759,Jason Mcdaniel,Davis-Elliott
aplr760,Rebecca Wong,Chandler PLC
aplr761,Angela Mcneil,Chandler PLC
aplr762,Kevin Brooks,Gray PLC
aplr763,Shane Gonzales,Chandler PLC
aplr764,Natalie Cowan,Davis-Elliott
aplr765,Richard Fox,Chandler PLC
aplr766,Robert Castro,"Garcia, Ramirez and Shelton"
aplr767,Brittney Butler,Davis-Elliott
aplr768,Robert Hughes MD,Gray PLC
aplr769,Jim Frederick,"Garcia, Ramirez and Shelton"
aplr770,Kevin Miller,Gray PLC
aplr771,Janice Page,Chandler PLC
aplr772,Nancy Willis,"Garcia, Ramirez and Shelton"
aplr773,Matthew Shaw,"Garcia, Ramirez and Shelton"
aplr774,Mary Blankenship,Gray PLC
aplr775,Brandon Hunter,"Garcia, Ramirez and Shelton"
aplr776,Gerald Hodge,Davis-Elliott
aplr777,Kimberly Velazquez,Davis-Elliott
aplr778,David Rhodes,Gray PLC
aplr779,Autumn Silva,Gray PLC
aplr780,Christopher Gomez,"Garcia, Ramirez and Shelton"
aplr781,Christopher Hill,Gray PLC
aplr782,Jose Martinez,Chandler PLC
aplr783,Johnny Cruz,Chandler PLC
aplr784,Vicki Willis,Davis-Elliott
aplr785,Sarah Miller,Davis-Elliott
aplr786,Robert Ford,Gray PLC
aplr787,Jennifer Williams,Gray PLC
aplr788,Robert Williams,Chandler PLC
aplr789,Dylan Jackson,"Garcia, Ramirez and Shelton"
aplr790,Maria Tanner,Davis-Elliott
aplr791,Cheyenne Cox,Davis-Elliott
aplr792,Kathleen Guerrero,"Garcia, Ramirez and Shelton"
aplr793,Robert Robinson,"Garcia, Ramirez and Shelton"
aplr794,Brandon Price,Chandler PLC
aplr795,Charles Wilkinson,Chandler PLC
aplr796,Christopher Everett,Davis-Elliott
aplr797,Matthew Holmes,Chandler PLC
aplr798,Darius Long,Chandler PLC
aplr799,Tiffany Chavez,Davis-Elliott
aplr800,Jessica Hawkins,Davis-Elliott
aplr801,Deborah Cox,"Garcia, Ramirez and Shelton"
aplr802,Melissa Black,"Garcia, Ramirez and Shelton"
aplr803,Craig Garcia,"Garcia, Ramirez and Shelton"
aplr804,Victor Spencer,Davis-Elliott
aplr805,Shawn Morse,Davis-Elliott
aplr806,Catherine Hoffman,"Garcia, Ramirez and Shelton"
aplr807,Timothy Rice,Gray PLC
aplr808,Erik Joseph,"Garcia, Ramirez and Shelton"
aplr809,Michael White,"Garcia, Ramirez and Shelton"
aplr810,Jeffery Hudson,Chandler PLC
aplr811,Peter Henderson,Chandler PLC
aplr812,Amber Gibson,Chandler PLC
aplr813,Alicia Bolton,Davis-Elliott
aplr814,Jessica Keller,Davis-Elliott
aplr815,Willie Campos,"Garcia, Ramirez and Shelton"
aplr816,Mr. Matthew Ali,"Garcia, Ramirez and Shelton"
aplr817,Tina Parker,"Garcia, Ramirez and Shelton"
aplr818,Peggy Schroeder MD,Chandler PLC
aplr819,Adam Osborne,Davis-Elliott
aplr820,Victoria Owen,Davis-Elliott
aplr821,Ashley Evans,Chandler PLC
aplr822,Brett Lawrence,Chandler PLC
aplr823,Rickey Burke,Gray PLC
aplr824,Denise Wilcox,"Garcia, Ramirez and Shelton"
aplr825,Stephanie Griffith,"Garcia, Ramirez and Shelton"
aplr826,Curtis Johnson,Chandler PLC
aplr827,Alexandria Clay,Chandler PLC
aplr828,Amanda Moore,"Garcia, Ramirez and Shelton"
aplr829,Christopher Poole,Gray PLC
aplr830,Sharon Castro,Chandler PLC
aplr831,Dr. Maria Lee,Chandler PLC
aplr832,Chelsea French,Chandler PLC
aplr833,Jack Jacobs,Chandler PLC
aplr834,Emily Butler,Chandler PLC
aplr835,Holly Lawrence,Davis-Elliott
aplr836,Christopher Turner,Gray PLC
aplr837,Christopher Bailey,Davis-Elliott
aplr838,Melanie Singh,Davis-Elliott
aplr839,Steven West,Chandler PLC
aplr840,Sheri Bowman,Chandler PLC
aplr841,Jose Ross,Gray PLC
aplr842,Jessica Williams,Chandler PLC
aplr843,Rachel Mercer,"Garcia, Ramirez and Shelton"
aplr844,Nicole Gonzales,Davis-Elliott
aplr845,Karen Wilson,Gray PLC
aplr846,Jason Goodwin,Chandler PLC
aplr847,Anne Watson,"Garcia, Ramirez and Shelton"
aplr848,John Nguyen,"Garcia, Ramirez and Shelton"
aplr849,Monica Patterson,"Garcia, Ramirez and Shelton"
aplr850,Ashley Chapman,"Garcia, Ramirez and Shelton"
aplr851,Ashlee Cook,Chandler PLC
aplr852,George Williams,Chandler PLC
aplr853,William Davenport,Davis-Elliott
aplr854,Vincent Lawson,Davis-Elliott
aplr855,Mark Nelson,"Garcia, Ramirez and Shelton"
aplr856,Carla Long,Chandler PLC
aplr857,Taylor Moore,"Garcia, Ramirez and Shelton"
aplr858,David Hooper,"Garcia, Ramirez and Shelton"
aplr859,Dylan Mills,Chandler PLC
aplr860,Yvonne Thomas,"Garcia, Ramirez and Shelton"
aplr861,Amy Hoffman,"Garcia, Ramirez and Shelton"
aplr862,Christina Gardner,Chandler PLC
aplr863,Leah Moore,Chandler PLC
aplr864,Mr. Roy Golden Jr.,Chandler PLC
aplr865,Kimberly Joseph,Chandler PLC
aplr866,Dana Pierce,Davis-Elliott
aplr867,Joseph Everett,Gray PLC
aplr868,Harry Ray,Gray PLC
aplr869,Lucas Smith,"Garcia, Ramirez and Shelton"
aplr870,Christina Bennett,Gray PLC
aplr871,Carolyn Wilkinson,Davis-Elliott
aplr872,John Moore,Gray PLC
aplr873,Terry Turner,Gray PLC
aplr874,Juan Dominguez,Davis-Elliott
aplr875,Katherine Beck,Davis-Elliott
aplr876,Harold Campbell,Gray PLC
aplr877,Jaclyn Whitaker,Davis-Elliott
aplr878,Dawn George,"Garcia, Ramirez and Shelton"
aplr879,Michelle Harrington,Gray PLC
aplr880,Daniel Mcbride,Gray PLC
aplr881,Sarah Day,Chandler PLC
aplr882,Andrew Tyler,Gray PLC
aplr883,Dustin Ryan,Gray PLC
aplr884,Matthew Salas,Gray PLC
aplr885,Mike Hatfield,"Garcia, Ramirez and Shelton"
aplr886,Kevin Sullivan,Gray PLC
aplr887,Laura Parsons,Davis-Elliott
aplr888,Anthony Cook,Davis-Elliott
aplr889,Jordan Henry,Chandler PLC
aplr890,Allison Williams,Gray PLC
aplr891,Michael Grimes,Chandler PLC
aplr892,Kara Walker,"Garcia, Ramirez and Shelton"
aplr893,Craig Prince,Davis-Elliott
aplr894,Brian Foster,Chandler PLC
aplr895,Eric Dominguez,Davis-Elliott
aplr896,Elizabeth Cunningham,Davis-Elliott
aplr897,Kathleen Hood,Gray PLC
aplr898,Daniel Martinez,Davis-Elliott
aplr899,Denise Castro,Chandler PLC
aplr900,Brad Martin,Davis-Elliott
aplr901,Charles Smith,Gray PLC
aplr902,Craig Alexander,Gray PLC
aplr903,Shelby Terry,Chandler PLC
aplr904,Dana Olsen,Chandler PLC
aplr905,Jacob Quinn,Chandler PLC
aplr906,Tyler Lewis,Gray PLC
aplr907,Stephanie Robbins,Davis-Elliott
aplr908,Justin Anderson,"Garcia, Ramirez and Shelton"
aplr909,Jared Nolan,Gray PLC
aplr910,Beth Bowman,Gray PLC
aplr911,John Fuentes,"Garcia, Ramirez and Shelton"
aplr912,Curtis Ashley,Chandler PLC
aplr913,James Bender,Chandler PLC
aplr914,Chris Taylor,Gray PLC
aplr915,Tracy Jackson,"Garcia, Ramirez and Shelton"
aplr916,Jennifer Patterson,Chandler PLC
aplr917,Alexis Barton,Davis-Elliott
aplr918,Henry Hardy Jr.,"Garcia, Ramirez and Shelton"
aplr919,Christian Beck,Chandler PLC
aplr920,Gerald Delgado,Davis-Elliott
aplr921,Christine Bright,Davis-Elliott
aplr922,Roberto Farmer,"Garcia, Ramirez and Shelton"
aplr923,Jessica Gross,"Garcia, Ramirez and Shelton"
aplr924,Tom Ortiz,"Garcia, Ramirez and Shelton"
aplr925,Eric Pugh,Chandler PLC
aplr926,Christopher Christensen,Davis-Elliott
aplr927,Selena Chang,Chandler PLC
aplr928,Yolanda Aguilar,"Garcia, Ramirez and Shelton"
aplr929,Brandon Wang,Davis-Elliott
aplr930,Anthony Williams,Chandler PLC
aplr931,Shane Bowers,"Garcia, Ramirez and Shelton"
aplr932,Christine Griffin,"Garcia, Ramirez and Shelton"
aplr933,Tony Stewart,Gray PLC
aplr934,Mrs. Cynthia Coleman,Davis-Elliott
aplr935,Jacob Jackson,"Garcia, Ramirez and Shelton"
aplr936,Elaine Byrd,"Garcia, Ramirez and Shelton"
aplr937,Helen Green,Chandler PLC
aplr938,Wendy Morrison,Chandler PLC
aplr939,Katrina Wilson,"Garcia, Ramirez and Shelton"
aplr940,Kristin Bailey,"Garcia, Ramirez and Shelton"
aplr941,Patrick Taylor,Chandler PLC
aplr942,Patricia Johnson,Davis-Elliott
aplr943,Tina Anderson,"Garcia, Ramirez and Shelton"
aplr944,Steven Flowers,Chandler PLC
aplr945,Victoria Hines,Chandler PLC
aplr946,Beth Combs,Gray PLC
aplr947,Harold Snyder,Chandler PLC
aplr948,Marcus Hill,Davis-Elliott
aplr949,Sara Murray,"Garcia, Ramirez and Shelton"
aplr950,Linda Hester,Chandler PLC
aplr951,Laura Berry,Davis-Elliott
aplr952,Alexandra Garcia,Davis-Elliott
aplr953,Adrienne Hodge,Chandler PLC
aplr954,Brittany Horton,Gray PLC
aplr955,Isaiah Chambers,Gray PLC
aplr956,David Jackson,"Garcia, Ramirez and Shelton"
aplr957,Karen Walker,"Garcia, Ramirez and Shelton"
aplr958,Kimberly Walls,Chandler PLC
aplr959,Jose Bates,Gray PLC
aplr960,Kelsey Hoffman,Davis-Elliott
aplr961,Amy Murphy,Davis-Elliott
aplr962,Samuel Martinez,Gray PLC
aplr963,Jeffrey Farrell,"Garcia, Ramirez and Shelton"
aplr964,Cheryl Duran,Davis-Elliott
aplr965,Lisa Smith,Gray PLC
aplr966,Nathan Sullivan,Davis-Elliott
aplr967,Elizabeth Holland,"Garcia, Ramirez and Shelton"
aplr968,Patrick Smith,Gray PLC
aplr969,Angela Brown,Davis-Elliott
aplr970,Jerry Dean,Chandler PLC
aplr971,Gary Burke,Chandler PLC
aplr972,Mary Washington,"Garcia, Ramirez and Shelton"
aplr973,Shawn Horne II,Chandler PLC
aplr974,Heather Johnson,Gray PLC
aplr975,Joshua White,"Garcia, Ramirez and Shelton"
aplr976,Paul Quinn,Gray PLC
aplr977,Scott Ramirez,"Garcia, Ramirez and Shelton"
aplr978,Jason Taylor,Davis-Elliott
aplr979,Brittany Orozco,"Garcia, Ramirez and Shelton"
aplr980,Brent Hill,Chandler PLC
aplr981,Robert Patton,Davis-Elliott
aplr982,Jeffrey Patterson,Chandler PLC
aplr983,Nancy Nguyen,Davis-Elliott
aplr984,Brian Webb,Chandler PLC
aplr985,John Whitaker,Davis-Elliott
aplr986,Eric Aguirre,Chandler PLC
aplr987,Tracy Sparks,Chandler PLC
aplr988,Gregory Johnson,Chandler PLC
aplr989,Jeff Martin,Davis-Elliott
aplr990,Shannon Tyler,"Garcia, Ramirez and Shelton"
aplr991,Lawrence Anderson,Chandler PLC
aplr992,Isabella Stewart,Davis-Elliott
aplr993,Leslie Soto,Chandler PLC
aplr994,Rebecca Bennett,"Garcia, Ramirez and Shelton"
aplr995,Mitchell Young,Chandler PLC
aplr996,Alexis Griffith,Gray PLC
aplr997,Carol Davis,Gray PLC
aplr998,William Briggs,Chandler PLC
aplr999,Donna Davis,"Garcia, Ramirez and Shelton"
aplr1000,Emily Ferguson,"Garcia, Ramirez and Shelton"
