ex1,Guy hour,2023-09-09 00:00:00,2023-10-09 00:00:00
ex2,Production trouble,2024-05-21,2024-08-19
ex3,Them future already law,2019-08-14,2019-11-12
ex4,Science,2020-11-16,2021-01-15
ex5,Expert place city,2023-08-01,2023-10-30
ex6,Adult beyond go,2023-11-26,2024-01-25
ex7,Authority hotel,2022-06-24,2022-08-23
ex8,Answer firm teacher,2019-12-19,2020-01-18
ex9,Else,2022-05-13,2022-08-11
ex10,Sound operation alone,2017-10-23,2018-01-21
ex11,Language,2024-09-11,2024-10-11
ex12,It doctor,2017-09-22,2017-12-21
ex13,Difference appear nice poor idea,2024-06-03,2024-08-02
ex14,Newspaper,2019-11-06,2020-01-05
ex15,Easy born prevent study Democrat,2020-02-06,2020-05-06
ex16,Cut most carry,2019-03-11,2019-06-09
ex17,Way myself war,2017-04-07,2017-05-07
ex18,Available,2015-02-27,2015-05-28
ex19,Interest sit star,2024-10-09,2024-12-08
ex20,Company inside,2015-07-23,2015-09-21
ex21,Get always,2018-03-14,2018-06-12
ex22,Same already,2015-07-12,2015-08-11
ex23,Let word left point,2015-09-20,2015-12-19
ex24,Central true throughout,2019-03-15,2019-05-14
ex25,Tend claim,2018-01-17,2018-04-17
ex26,Same garden stage,2022-10-24,2022-11-23
ex27,Ever audience director also,2020-05-05,2020-08-03
ex28,Night,2024-05-29,2024-06-28
ex29,Floor,2017-07-05,2017-08-04
ex30,Rule,2019-04-29,2019-07-28
ex31,Save,2017-12-13,2018-01-12
ex32,Claim kind fine this,2015-07-27,2015-08-26
ex33,Enter though,2022-06-24,2022-08-23
ex34,Game fact,2024-04-15,2024-06-14
ex35,National imagine interest east station,2015-03-03,2015-05-02
ex36,Law somebody international particularly,2018-05-20,2018-08-18
ex37,Their area growth concern,2020-10-30,2020-12-29
ex38,Image maintain,2016-01-13,2016-04-12
ex39,Sure business box administration,2021-08-29,2021-11-27
ex40,So building able,2017-04-20,2017-05-20
ex41,Very watch,2015-02-23,2015-04-24
ex42,Near,2016-05-02,2016-07-31
ex43,Indeed region drive,2023-08-21,2023-11-19
ex44,Feel yard,2020-06-05,2020-08-04
ex45,Admit eye,2021-05-16,2021-08-14
ex46,Cause itself social,2016-01-24,2016-04-23
ex47,Too,2015-02-07,2015-05-08
ex48,Clearly war change,2015-05-10,2015-07-09
ex49,Story live that certainly,2017-01-20,2017-02-19
ex50,Voice writer art,2019-11-20,2020-01-19
ex51,Expect,2017-02-15,2017-05-16
ex52,Adult,2024-08-09,2024-11-07
ex53,He wall,2016-07-30,2016-09-28
ex54,Out,2019-07-09,2019-09-07
ex55,Outside enter away,2017-03-17,2017-05-16
ex56,Kid society yourself stage,2023-05-21,2023-06-20
ex57,Only including,2020-02-06,2020-04-06
ex58,Who stand likely president over,2015-10-08,2015-12-07
ex59,One leave,2023-07-08,2023-09-06
ex60,Beautiful real take itself,2022-12-27,2023-03-27
ex61,Mr maybe,2023-03-31,2023-06-29
ex62,Day area,2021-07-09,2021-09-07
ex63,Up bill three if,2023-03-27,2023-05-26
ex64,Foreign wear,2017-03-08,2017-04-07
ex65,Religious according chance on,2021-04-13,2021-06-12
ex66,Chance effort owner charge,2021-12-20,2022-02-18
ex67,Middle,2016-05-13,2016-07-12
ex68,War open,2017-12-19,2018-02-17
ex69,Service police house result,2017-08-03,2017-11-01
ex70,Person,2024-10-28,2025-01-26
ex71,Practice meet particularly,2023-05-15,2023-08-13
ex72,Throughout several,2024-07-31,2024-10-29
ex73,Inside avoid thank foreign,2023-04-18,2023-05-18
ex74,Where,2021-10-31,2022-01-29
ex75,Building child,2015-02-05,2015-05-06
ex76,Crime when,2018-01-21,2018-02-20
ex77,Behavior,2015-08-04,2015-11-02
ex78,Another wind,2015-03-26,2015-05-25
ex79,Difficult born,2023-12-07,2024-03-06
ex80,Soon read trip,2016-04-16,2016-05-16
ex81,Arrive hot,2015-06-16,2015-09-14
ex82,Set,2020-03-01,2020-04-30
ex83,Administration reason trial bar,2021-05-12,2021-07-11
ex84,Local trade,2016-07-10,2016-09-08
ex85,Trade pretty,2022-05-02,2022-07-31
ex86,Say base,2019-05-11,2019-06-10
ex87,Understand best admit,2024-06-10,2024-09-08
ex88,Teacher central,2022-01-31,2022-04-01
ex89,Western,2021-10-31,2021-12-30
ex90,After address,2023-10-04,2023-12-03
ex91,Baby visit style,2015-12-09,2016-02-07
ex92,Tv,2022-03-02,2022-05-31
ex93,Vote draw,2018-10-11,2019-01-09
ex94,I,2020-12-02,2021-03-02
ex95,Same remain tough,2016-04-14,2016-05-14
ex96,Sport mother network,2017-12-14,2018-02-12
ex97,Every,2019-10-28,2019-11-27
ex98,Soldier alone,2023-02-22,2023-04-23
ex99,Million threat,2019-01-08,2019-04-08
ex100,Meet,2021-09-21,2021-10-21
ex101,State anything only possible happy,2020-02-28,2020-03-29
ex102,Each act entire director,2017-03-25,2017-04-24
ex103,Field choose,2017-09-26,2017-12-25
ex104,View,2016-06-26,2016-09-24
ex105,Operation,2019-01-11,2019-02-10
ex106,Scene claim opportunity,2024-12-03,2025-01-02
ex107,Draw him head,2018-01-19,2018-02-18
ex108,World,2019-08-25,2019-11-23
ex109,Accept marriage,2018-04-06,2018-05-06
ex110,Help race everything,2017-04-29,2017-06-28
ex111,Exactly concern,2015-12-21,2016-01-20
ex112,Remain generation country,2018-04-14,2018-07-13
ex113,Probably,2022-07-30,2022-08-29
ex114,Full ok tend,2022-07-05,2022-09-03
ex115,Let entire purpose,2020-08-01,2020-09-30
ex116,Paper heavy,2020-06-19,2020-09-17
ex117,Argue build military,2016-05-06,2016-06-05
ex118,Dinner it,2017-05-18,2017-07-17
ex119,Fight book,2018-03-03,2018-06-01
ex120,Adult when reflect participant population,2024-04-25,2024-06-24
ex121,Animal,2022-06-29,2022-07-29
ex122,Nothing,2024-06-23,2024-07-23
ex123,Stand say,2022-08-29,2022-09-28
ex124,Speech good common kitchen,2016-04-20,2016-06-19
ex125,Program stuff increase force,2017-05-22,2017-06-21
ex126,Course,2016-09-02,2016-10-02
ex127,Throughout market,2017-07-09,2017-09-07
ex128,Quality thing foreign follow,2021-11-14,2021-12-14
ex129,Light,2024-03-17,2024-04-16
ex130,Century loss generation,2016-07-02,2016-08-01
ex131,Near set school add,2024-09-29,2024-10-29
ex132,Important piece,2024-04-08,2024-06-07
ex133,We throughout,2016-09-26,2016-12-25
ex134,Less kid memory,2022-09-21,2022-11-20
ex135,Speak under box,2019-05-02,2019-07-01
ex136,Hotel five scientist experience,2019-02-16,2019-05-17
ex137,Hand with soldier,2024-12-09,2025-02-07
ex138,Institution back,2021-02-05,2021-03-07
ex139,Scene focus,2016-06-24,2016-08-23
ex140,Else fly better with religious,2020-09-02,2020-11-01
ex141,Woman view,2015-05-07,2015-06-06
ex142,Sign,2017-09-08,2017-10-08
ex143,Fly red improve,2023-08-18,2023-10-17
ex144,Computer agent,2024-01-16,2024-02-15
ex145,Street final kid,2019-06-24,2019-08-23
ex146,May it any thought left,2016-01-09,2016-03-09
ex147,That central,2016-05-05,2016-08-03
ex148,Bank remain cold,2015-07-07,2015-09-05
ex149,Response so,2021-11-10,2021-12-10
ex150,Report cultural,2016-05-05,2016-06-04
ex151,Off government,2015-11-17,2016-02-15
ex152,All type,2015-04-30,2015-06-29
ex153,Side charge,2021-12-10,2022-03-10
ex154,National night simply,2016-03-25,2016-05-24
ex155,Drug lead wish,2018-01-23,2018-03-24
ex156,They officer first relate,2021-11-25,2022-01-24
ex157,Above minute,2022-01-15,2022-02-14
ex158,Yeah forget region wife,2020-07-13,2020-10-11
ex159,Reality issue including,2022-07-01,2022-07-31
ex160,Her eight,2021-10-25,2021-12-24
ex161,Report attention,2016-05-22,2016-06-21
ex162,At take reach,2018-09-18,2018-11-17
ex163,Friend but,2023-12-28,2024-01-27
ex164,Job,2019-01-20,2019-02-19
ex165,Either health,2017-11-09,2017-12-09
ex166,Management beyond speak bar,2022-09-10,2022-12-09
ex167,Boy themselves,2020-01-05,2020-04-04
ex168,Night discussion,2019-08-03,2019-11-01
ex169,Leg maintain why despite,2015-12-07,2016-01-06
ex170,Religious your attack rate,2017-07-25,2017-09-23
ex171,Choice,2019-12-28,2020-03-27
ex172,West,2022-01-01,2022-04-01
ex173,Simply artist easy,2015-01-04,2015-02-03
ex174,Time analysis,2018-04-28,2018-06-27
ex175,What movie,2017-11-25,2018-01-24
ex176,Decision brother,2021-08-01,2021-10-30
ex177,Course wait,2015-05-19,2015-06-18
ex178,Piece tax,2023-04-25,2023-06-24
ex179,Nation while,2021-10-25,2021-11-24
ex180,Whose voice,2017-01-08,2017-03-09
ex181,Oil beautiful take left despite,2020-09-19,2020-12-18
ex182,Approach huge,2024-06-02,2024-07-02
ex183,With society century first,2022-10-19,2023-01-17
ex184,Radio,2021-01-03,2021-04-03
ex185,Toward,2024-09-04,2024-11-03
ex186,Service money weight,2022-10-09,2022-12-08
ex187,Sea idea wonder,2017-12-11,2018-03-11
ex188,Still again behind,2023-01-01,2023-01-31
ex189,Exist war there one,2024-08-26,2024-09-25
ex190,Usually network most ready,2024-10-26,2024-12-25
ex191,Enter analysis,2020-03-21,2020-06-19
ex192,Field general,2022-07-31,2022-09-29
ex193,Trip upon training any guess,2016-11-13,2016-12-13
ex194,Century,2016-12-25,2017-03-25
ex195,Size evening market we economic,2015-05-19,2015-08-17
ex196,Herself technology,2016-12-08,2017-02-06
ex197,Evening land,2018-02-23,2018-04-24
ex198,Some trouble state bank,2019-09-12,2019-10-12
ex199,Section form mention PM certain,2022-02-25,2022-03-27
ex200,Language structure nature,2023-05-17,2023-06-16
ex201,Analysis on into,2021-03-03,2021-05-02
ex202,Network task,2024-04-05,2024-07-04
ex203,Yet deal,2015-08-15,2015-11-13
ex204,Member kitchen,2024-07-23,2024-08-22
ex205,Light stuff,2023-10-02,2023-11-01
ex206,Explain to information,2023-06-11,2023-09-09
ex207,Choose,2021-09-09,2021-10-09
ex208,Should degree,2017-08-28,2017-09-27
ex209,Condition save,2021-09-29,2021-10-29
ex210,Air opportunity example,2023-01-02,2023-03-03
ex211,Think news,2021-06-08,2021-08-07
ex212,Whole smile,2021-03-20,2021-05-19
ex213,Another,2015-09-22,2015-11-21
ex214,Decade trip left,2018-03-09,2018-06-07
ex215,Fight doctor,2020-11-11,2021-02-09
ex216,About ten six,2021-06-08,2021-09-06
ex217,Tonight value evening,2024-12-10,2025-02-08
ex218,Present,2015-05-07,2015-07-06
ex219,Manage,2020-10-26,2020-11-25
ex220,Ten whatever offer industry,2020-03-29,2020-04-28
ex221,Effect together dream garden,2019-11-11,2020-02-09
ex222,Score artist,2022-11-27,2022-12-27
ex223,The particularly ready,2017-08-22,2017-10-21
ex224,Talk like,2023-03-20,2023-05-19
ex225,Heart teacher,2015-08-12,2015-11-10
ex226,Carry east if,2015-04-13,2015-06-12
ex227,Community and hair recognize,2020-03-04,2020-04-03
ex228,Sit language since station,2015-03-15,2015-04-14
ex229,Whom detail,2016-03-20,2016-06-18
ex230,Bar than religious,2017-04-10,2017-06-09
ex231,Safe ask,2019-01-28,2019-04-28
ex232,Scene friend,2015-11-13,2015-12-13
ex233,They after reality,2022-05-01,2022-07-30
ex234,Goal and air road,2021-11-11,2022-01-10
ex235,Significant stop home garden,2016-08-17,2016-10-16
ex236,Expert book themselves,2023-07-02,2023-08-01
ex237,Pull indeed cultural,2015-12-03,2016-01-02
ex238,Bag present evidence,2015-11-27,2016-02-25
ex239,Offer religious,2024-05-09,2024-06-08
ex240,While six strong,2020-08-24,2020-11-22
ex241,Side hundred production,2024-05-20,2024-06-19
ex242,Stand analysis,2021-04-08,2021-05-08
ex243,Small level,2016-07-08,2016-10-06
ex244,Push deal bag increase,2019-06-07,2019-09-05
ex245,Develop respond,2024-08-24,2024-10-23
ex246,These,2021-06-09,2021-08-08
ex247,Condition public,2016-09-30,2016-10-30
ex248,Ahead lot age,2015-04-22,2015-07-21
ex249,Hear become her,2021-11-04,2022-01-03
ex250,Style at,2018-07-20,2018-10-18
ex251,College despite rather,2016-03-02,2016-05-31
ex252,Management,2018-02-15,2018-03-17
ex253,State,2024-04-01,2024-05-01
ex254,Stuff relationship move,2019-12-28,2020-02-26
ex255,Ground media build avoid,2023-02-15,2023-03-17
ex256,Break feel glass expect which,2023-02-27,2023-04-28
ex257,Front measure seat section,2018-05-21,2018-08-19
ex258,Suggest,2015-12-09,2016-02-07
ex259,Clearly pay own,2023-01-08,2023-02-07
ex260,Dream expect present,2022-11-25,2023-02-23
ex261,Question media indicate car,2018-05-07,2018-06-06
ex262,Way,2015-03-30,2015-04-29
ex263,Your while,2016-03-18,2016-04-17
ex264,Far western might theory,2015-05-01,2015-05-31
ex265,Best hand light record mission,2021-11-06,2021-12-06
ex266,Set interesting,2022-12-06,2023-01-05
ex267,Nature,2020-06-08,2020-07-08
ex268,Want,2022-12-26,2023-02-24
ex269,Song drug,2019-09-27,2019-11-26
ex270,Trade early media,2019-09-27,2019-12-26
ex271,Ask single,2023-09-07,2023-10-07
ex272,Much guess very program idea,2016-09-28,2016-11-27
ex273,Democratic,2022-11-18,2023-01-17
ex274,Argue foreign,2015-10-11,2015-12-10
ex275,Focus a,2023-08-29,2023-11-27
ex276,He enough feel,2016-07-21,2016-09-19
ex277,Country himself,2017-01-12,2017-03-13
ex278,Voice industry stage,2023-01-25,2023-04-25
ex279,Me argue,2016-01-13,2016-02-12
ex280,Board source,2015-09-12,2015-11-11
ex281,Receive audience action,2019-05-31,2019-07-30
ex282,Choice since,2019-08-06,2019-09-05
ex283,Make road foot,2019-03-17,2019-05-16
ex284,Too,2016-05-16,2016-06-15
ex285,Majority take summer,2020-11-18,2021-02-16
ex286,Sister,2014-12-18,2015-01-17
ex287,Do various sign design next,2023-11-04,2024-02-02
ex288,Seat with,2018-07-17,2018-10-15
ex289,Factor majority,2019-02-22,2019-05-23
ex290,Move suddenly business,2020-08-09,2020-10-08
ex291,Oil,2020-11-20,2020-12-20
ex292,Her strategy,2024-06-04,2024-08-03
ex293,Player officer,2020-07-22,2020-08-21
ex294,Baby language,2023-01-06,2023-02-05
ex295,Risk share table tough,2017-12-22,2018-02-20
ex296,President smile,2023-12-20,2024-02-18
ex297,Data security relationship,2023-10-11,2023-12-10
ex298,Value share,2019-12-07,2020-02-05
ex299,Focus between left,2021-04-14,2021-06-13
ex300,Around,2015-09-20,2015-12-19
ex301,Change unit,2021-01-05,2021-02-04
ex302,Which country,2023-05-13,2023-07-12
ex303,Western tree,2018-03-18,2018-06-16
ex304,Their worker,2022-03-04,2022-04-03
ex305,Line ever how,2019-07-08,2019-08-07
ex306,Information modern,2023-10-13,2023-11-12
ex307,Around shake able myself try,2022-08-10,2022-09-09
ex308,Computer quality,2015-12-06,2016-02-04
ex309,After account pull,2018-05-22,2018-08-20
ex310,Generation,2016-09-22,2016-10-22
ex311,Worry situation lay,2017-08-20,2017-09-19
ex312,Far,2022-04-30,2022-06-29
ex313,Thousand,2022-02-14,2022-05-15
ex314,When,2022-05-24,2022-07-23
ex315,Coach popular,2016-04-07,2016-07-06
ex316,Doctor look,2021-09-26,2021-11-25
ex317,Two,2023-01-28,2023-02-27
ex318,Card to occur,2020-05-18,2020-08-16
ex319,Their likely risk whole,2018-03-16,2018-06-14
ex320,Future large rise,2020-08-14,2020-11-12
ex321,Develop citizen here task,2020-03-19,2020-04-18
ex322,Adult example can,2018-10-30,2018-11-29
ex323,Voice,2020-01-02,2020-03-02
ex324,Garden bank recently,2022-03-24,2022-05-23
ex325,Than edge,2019-05-05,2019-06-04
ex326,Media trouble,2016-12-15,2017-01-14
ex327,Top really response popular,2023-07-25,2023-09-23
ex328,Agent character,2019-02-19,2019-04-20
ex329,Well lawyer beyond,2023-05-13,2023-06-12
ex330,Should answer can,2016-10-16,2017-01-14
ex331,Wear try detail change upon,2020-08-11,2020-09-10
ex332,,2021-07-12,2021-09-10
ex333,Should arm,2018-07-09,2018-09-07
ex334,Soldier hand,2021-01-25,2021-04-25
ex335,Special wonder develop talk include,2018-10-04,2019-01-02
ex336,Into,2021-07-16,2021-10-14
ex337,Sound,2024-04-18,2024-05-18
ex338,Threat yes,2016-07-10,2016-08-09
ex339,Marriage they,2022-10-18,2022-11-17
ex340,Question,2021-05-25,2021-08-23
ex341,Million weight star environment,2015-06-07,2015-09-05
ex342,Focus store fast,2018-12-30,2019-03-30
ex343,True cause daughter dinner,2016-05-23,2016-07-22
ex344,From,2015-04-03,2015-07-02
ex345,Deal later,2021-12-24,2022-01-23
ex346,Entire indeed,2019-10-06,2019-12-05
ex347,Go year,2017-04-18,2017-07-17
ex348,Give,2018-03-06,2018-04-05
ex349,Maybe year,2017-06-13,2017-08-12
ex350,Increase language grow citizen specific,2017-01-01,2017-03-02
ex351,Young,2021-04-02,2021-05-02
ex352,Miss,2020-09-07,2020-11-06
ex353,Hand,2023-11-05,2024-01-04
ex354,Professional big,2017-07-03,2017-10-01
ex355,Under,2020-06-04,2020-09-02
ex356,Really local,2022-10-07,2022-11-06
ex357,Inside finally,2019-11-24,2019-12-24
ex358,Region fill,2018-10-28,2018-12-27
ex359,Must laugh,2021-03-17,2021-06-15
ex360,Serious yourself heavy reality,2017-06-06,2017-08-05
ex361,Thing office suddenly physical,2018-12-18,2019-03-18
ex362,West experience mission point,2020-04-13,2020-06-12
ex363,Recent heart,2018-07-05,2018-10-03
ex364,School best local,2021-06-09,2021-09-07
ex365,Cultural sort,2021-12-25,2022-02-23
ex366,Than,2023-01-08,2023-03-09
ex367,Political buy,2024-04-09,2024-05-09
ex368,Specific son,2016-07-03,2016-09-01
ex369,Send spend,2015-05-24,2015-07-23
ex370,Sister,2020-06-12,2020-09-10
ex371,West,2015-09-01,2015-10-31
ex372,Name or industry Democrat,2016-06-10,2016-07-10
ex373,Course thousand,2020-01-05,2020-02-04
ex374,That assume,2019-08-21,2019-10-20
ex375,Play,2017-09-04,2017-12-03
ex376,Between well,2020-04-15,2020-07-14
ex377,Trial big,2023-09-18,2023-11-17
ex378,Move produce,2023-11-11,2024-02-09
ex379,Gun,2020-11-17,2021-01-16
ex380,Father right window,2020-04-10,2020-07-09
ex381,Trouble right present,2019-07-20,2019-09-18
ex382,Carry visit effort popular,2018-04-26,2018-06-25
ex383,Fact challenge,2017-01-20,2017-04-20
ex384,Lot hard prove experience,2019-07-28,2019-09-26
ex385,Now management want,2016-09-14,2016-11-13
ex386,Expect way,2021-03-14,2021-05-13
ex387,Break nothing,2014-12-30,2015-03-30
ex388,Military summer,2015-12-29,2016-02-27
ex389,Nearly,2021-11-27,2022-01-26
ex390,Cell media within,2024-05-27,2024-07-26
ex391,Matter social time,2019-07-21,2019-10-19
ex392,Expert serious,2024-09-21,2024-10-21
ex393,Clearly they represent daughter,2019-09-23,2019-11-22
ex394,Identify,2015-06-14,2015-07-14
ex395,Only free successful,2018-04-29,2018-07-28
ex396,Line,2019-08-24,2019-10-23
ex397,Culture partner final,2015-06-12,2015-09-10
ex398,Again style some write,2022-08-01,2022-08-31
ex399,Young sense much,2022-06-14,2022-08-13
ex400,Size wall,2018-10-15,2018-11-14
