Robinson Inc,ex1
Jordan-Holland,ex2
Jordan-Holland,ex3
"Henderson, Thompson and Everett",ex4
Malone-Boyd,ex5
"Henderson, Thompson and Everett",ex6
Jordan-Holland,ex7
Jordan-Holland,ex8
Jordan-Holland,ex9
Malone-Boyd,ex10
"Henderson, Thompson and Everett",ex11
Jordan-Holland,ex12
"Henderson, Thompson and Everett",ex13
Robinson Inc,ex14
Robinson Inc,ex15
Jordan-Holland,ex16
Jordan-Holland,ex17
Robinson Inc,ex18
Robinson Inc,ex19
Jordan-Holland,ex20
Jordan-Holland,ex21
Robinson Inc,ex22
Malone-Boyd,ex23
Robinson Inc,ex24
Malone-Boyd,ex25
Robinson Inc,ex26
Robinson Inc,ex27
"Henderson, Thompson and Everett",ex28
Jordan-Holland,ex29
Malone-Boyd,ex30
Robinson Inc,ex31
Jordan-Holland,ex32
"Henderson, Thompson and Everett",ex33
Jordan-Holland,ex34
"Henderson, Thompson and Everett",ex35
Jordan-Holland,ex36
Jordan-Holland,ex37
Malone-Boyd,ex38
"Henderson, Thompson and Everett",ex39
Robinson Inc,ex40
Malone-Boyd,ex41
"Henderson, Thompson and Everett",ex42
Malone-Boyd,ex43
Robinson Inc,ex44
"Henderson, Thompson and Everett",ex45
Malone-Boyd,ex46
Jordan-Holland,ex47
Robinson Inc,ex48
"Henderson, Thompson and Everett",ex49
Jordan-Holland,ex50
Malone-Boyd,ex51
"Henderson, Thompson and Everett",ex52
Robinson Inc,ex53
Robinson Inc,ex54
Jordan-Holland,ex55
Jordan-Holland,ex56
"Henderson, Thompson and Everett",ex57
Malone-Boyd,ex58
Malone-Boyd,ex59
Malone-Boyd,ex60
Jordan-Holland,ex61
"Henderson, Thompson and Everett",ex62
Jordan-Holland,ex63
"Henderson, Thompson and Everett",ex64
Jordan-Holland,ex65
Jordan-Holland,ex66
Jordan-Holland,ex67
Jordan-Holland,ex68
Robinson Inc,ex69
Malone-Boyd,ex70
Malone-Boyd,ex71
Jordan-Holland,ex72
Robinson Inc,ex73
Jordan-Holland,ex74
"Henderson, Thompson and Everett",ex75
Jordan-Holland,ex76
Jordan-Holland,ex77
Malone-Boyd,ex78
Robinson Inc,ex79
Robinson Inc,ex80
Jordan-Holland,ex81
"Henderson, Thompson and Everett",ex82
Robinson Inc,ex83
Robinson Inc,ex84
Malone-Boyd,ex85
Jordan-Holland,ex86
Robinson Inc,ex87
"Henderson, Thompson and Everett",ex88
"Henderson, Thompson and Everett",ex89
Jordan-Holland,ex90
Robinson Inc,ex91
Malone-Boyd,ex92
Jordan-Holland,ex93
Jordan-Holland,ex94
"Henderson, Thompson and Everett",ex95
Jordan-Holland,ex96
Robinson Inc,ex97
"Henderson, Thompson and Everett",ex98
Jordan-Holland,ex99
Jordan-Holland,ex100
Jordan-Holland,ex101
"Henderson, Thompson and Everett",ex102
Robinson Inc,ex103
Jordan-Holland,ex104
Jordan-Holland,ex105
Malone-Boyd,ex106
Jordan-Holland,ex107
Jordan-Holland,ex108
Robinson Inc,ex109
"Henderson, Thompson and Everett",ex110
"Henderson, Thompson and Everett",ex111
Malone-Boyd,ex112
Jordan-Holland,ex113
Jordan-Holland,ex114
Jordan-Holland,ex115
Robinson Inc,ex116
Robinson Inc,ex117
Robinson Inc,ex118
Robinson Inc,ex119
"Henderson, Thompson and Everett",ex120
Jordan-Holland,ex121
"Henderson, Thompson and Everett",ex122
Robinson Inc,ex123
Robinson Inc,ex124
Jordan-Holland,ex125
Jordan-Holland,ex126
Robinson Inc,ex127
Robinson Inc,ex128
"Henderson, Thompson and Everett",ex129
Jordan-Holland,ex130
Jordan-Holland,ex131
Robinson Inc,ex132
"Henderson, Thompson and Everett",ex133
Jordan-Holland,ex134
Malone-Boyd,ex135
Malone-Boyd,ex136
Robinson Inc,ex137
Jordan-Holland,ex138
Robinson Inc,ex139
Jordan-Holland,ex140
Jordan-Holland,ex141
Malone-Boyd,ex142
Jordan-Holland,ex143
Robinson Inc,ex144
Jordan-Holland,ex145
"Henderson, Thompson and Everett",ex146
"Henderson, Thompson and Everett",ex147
Jordan-Holland,ex148
Jordan-Holland,ex149
Malone-Boyd,ex150
Robinson Inc,ex151
Malone-Boyd,ex152
Robinson Inc,ex153
Robinson Inc,ex154
"Henderson, Thompson and Everett",ex155
Malone-Boyd,ex156
Jordan-Holland,ex157
Robinson Inc,ex158
Malone-Boyd,ex159
Robinson Inc,ex160
Robinson Inc,ex161
Jordan-Holland,ex162
Jordan-Holland,ex163
"Henderson, Thompson and Everett",ex164
"Henderson, Thompson and Everett",ex165
Jordan-Holland,ex166
"Henderson, Thompson and Everett",ex167
Malone-Boyd,ex168
Malone-Boyd,ex169
"Henderson, Thompson and Everett",ex170
"Henderson, Thompson and Everett",ex171
Robinson Inc,ex172
Malone-Boyd,ex173
"Henderson, Thompson and Everett",ex174
"Henderson, Thompson and Everett",ex175
Malone-Boyd,ex176
Jordan-Holland,ex177
Malone-Boyd,ex178
Jordan-Holland,ex179
Malone-Boyd,ex180
Malone-Boyd,ex181
Jordan-Holland,ex182
"Henderson, Thompson and Everett",ex183
Robinson Inc,ex184
"Henderson, Thompson and Everett",ex185
"Henderson, Thompson and Everett",ex186
Robinson Inc,ex187
Jordan-Holland,ex188
Jordan-Holland,ex189
Malone-Boyd,ex190
Malone-Boyd,ex191
Jordan-Holland,ex192
Jordan-Holland,ex193
Robinson Inc,ex194
"Henderson, Thompson and Everett",ex195
Jordan-Holland,ex196
"Henderson, Thompson and Everett",ex197
Jordan-Holland,ex198
"Henderson, Thompson and Everett",ex199
Jordan-Holland,ex200
"Henderson, Thompson and Everett",ex201
Jordan-Holland,ex202
Malone-Boyd,ex203
"Henderson, Thompson and Everett",ex204
"Henderson, Thompson and Everett",ex205
Malone-Boyd,ex206
Jordan-Holland,ex207
Malone-Boyd,ex208
Jordan-Holland,ex209
Jordan-Holland,ex210
Jordan-Holland,ex211
Robinson Inc,ex212
Robinson Inc,ex213
Malone-Boyd,ex214
Malone-Boyd,ex215
Robinson Inc,ex216
Robinson Inc,ex217
Malone-Boyd,ex218
Malone-Boyd,ex219
"Henderson, Thompson and Everett",ex220
Robinson Inc,ex221
"Henderson, Thompson and Everett",ex222
"Henderson, Thompson and Everett",ex223
Malone-Boyd,ex224
"Henderson, Thompson and Everett",ex225
Robinson Inc,ex226
Robinson Inc,ex227
Malone-Boyd,ex228
Robinson Inc,ex229
Malone-Boyd,ex230
"Henderson, Thompson and Everett",ex231
Malone-Boyd,ex232
"Henderson, Thompson and Everett",ex233
"Henderson, Thompson and Everett",ex234
Jordan-Holland,ex235
Robinson Inc,ex236
"Henderson, Thompson and Everett",ex237
Jordan-Holland,ex238
Malone-Boyd,ex239
"Henderson, Thompson and Everett",ex240
Robinson Inc,ex241
Jordan-Holland,ex242
Malone-Boyd,ex243
Robinson Inc,ex244
Malone-Boyd,ex245
Jordan-Holland,ex246
Robinson Inc,ex247
Jordan-Holland,ex248
"Henderson, Thompson and Everett",ex249
"Henderson, Thompson and Everett",ex250
"Henderson, Thompson and Everett",ex251
Robinson Inc,ex252
Malone-Boyd,ex253
Malone-Boyd,ex254
Robinson Inc,ex255
Robinson Inc,ex256
Malone-Boyd,ex257
"Henderson, Thompson and Everett",ex258
Jordan-Holland,ex259
Robinson Inc,ex260
Robinson Inc,ex261
"Henderson, Thompson and Everett",ex262
Robinson Inc,ex263
Jordan-Holland,ex264
Robinson Inc,ex265
Jordan-Holland,ex266
Jordan-Holland,ex267
Jordan-Holland,ex268
Robinson Inc,ex269
Malone-Boyd,ex270
Jordan-Holland,ex271
"Henderson, Thompson and Everett",ex272
Malone-Boyd,ex273
Jordan-Holland,ex274
Malone-Boyd,ex275
Jordan-Holland,ex276
Malone-Boyd,ex277
Jordan-Holland,ex278
Malone-Boyd,ex279
Robinson Inc,ex280
Jordan-Holland,ex281
"Henderson, Thompson and Everett",ex282
Jordan-Holland,ex283
Malone-Boyd,ex284
Jordan-Holland,ex285
"Henderson, Thompson and Everett",ex286
Robinson Inc,ex287
Jordan-Holland,ex288
"Henderson, Thompson and Everett",ex289
"Henderson, Thompson and Everett",ex290
Robinson Inc,ex291
Robinson Inc,ex292
"Henderson, Thompson and Everett",ex293
Jordan-Holland,ex294
Jordan-Holland,ex295
"Henderson, Thompson and Everett",ex296
Jordan-Holland,ex297
Robinson Inc,ex298
"Henderson, Thompson and Everett",ex299
Jordan-Holland,ex300
Robinson Inc,ex301
Jordan-Holland,ex302
"Henderson, Thompson and Everett",ex303
Jordan-Holland,ex304
Malone-Boyd,ex305
"Henderson, Thompson and Everett",ex306
Robinson Inc,ex307
Malone-Boyd,ex308
Jordan-Holland,ex309
Robinson Inc,ex310
"Henderson, Thompson and Everett",ex311
Jordan-Holland,ex312
Malone-Boyd,ex313
"Henderson, Thompson and Everett",ex314
Jordan-Holland,ex315
Jordan-Holland,ex316
Malone-Boyd,ex317
Jordan-Holland,ex318
Robinson Inc,ex319
Robinson Inc,ex320
Malone-Boyd,ex321
Malone-Boyd,ex322
"Henderson, Thompson and Everett",ex323
"Henderson, Thompson and Everett",ex324
Jordan-Holland,ex325
Jordan-Holland,ex326
"Henderson, Thompson and Everett",ex327
"Henderson, Thompson and Everett",ex328
Jordan-Holland,ex329
Robinson Inc,ex330
Robinson Inc,ex331
Malone-Boyd,ex332
Robinson Inc,ex333
Malone-Boyd,ex334
Robinson Inc,ex335
"Henderson, Thompson and Everett",ex336
Jordan-Holland,ex337
Jordan-Holland,ex338
Robinson Inc,ex339
Malone-Boyd,ex340
Malone-Boyd,ex341
Robinson Inc,ex342
"Henderson, Thompson and Everett",ex343
Jordan-Holland,ex344
Jordan-Holland,ex345
Jordan-Holland,ex346
Malone-Boyd,ex347
Malone-Boyd,ex348
Jordan-Holland,ex349
Robinson Inc,ex350
"Henderson, Thompson and Everett",ex351
Jordan-Holland,ex352
Robinson Inc,ex353
Robinson Inc,ex354
"Henderson, Thompson and Everett",ex355
Robinson Inc,ex356
Malone-Boyd,ex357
Malone-Boyd,ex358
"Henderson, Thompson and Everett",ex359
Robinson Inc,ex360
Jordan-Holland,ex361
"Henderson, Thompson and Everett",ex362
Robinson Inc,ex363
Jordan-Holland,ex364
Jordan-Holland,ex365
Robinson Inc,ex366
Malone-Boyd,ex367
"Henderson, Thompson and Everett",ex368
Robinson Inc,ex369
Jordan-Holland,ex370
"Henderson, Thompson and Everett",ex371
"Henderson, Thompson and Everett",ex372
Jordan-Holland,ex373
Robinson Inc,ex374
Malone-Boyd,ex375
Robinson Inc,ex376
Robinson Inc,ex377
Malone-Boyd,ex378
"Henderson, Thompson and Everett",ex379
"Henderson, Thompson and Everett",ex380
"Henderson, Thompson and Everett",ex381
"Henderson, Thompson and Everett",ex382
Jordan-Holland,ex383
Robinson Inc,ex384
Malone-Boyd,ex385
"Henderson, Thompson and Everett",ex386
Robinson Inc,ex387
Malone-Boyd,ex388
"Henderson, Thompson and Everett",ex389
"Henderson, Thompson and Everett",ex390
"Henderson, Thompson and Everett",ex391
Malone-Boyd,ex392
Jordan-Holland,ex393
Malone-Boyd,ex394
Malone-Boyd,ex395
Robinson Inc,ex396
Robinson Inc,ex397
Jordan-Holland,ex398
Malone-Boyd,ex399
Robinson Inc,ex400
