vol1,Daniel Brown
vol2,Amanda Bryan
vol3,Trevor Porter
vol4,Cynthia Jackson
vol5,Penny Mcguire
vol6,Stacey Thompson
vol7,Tracy Jones
vol8,Mario Hart
vol9,Corey Choi
vol10,Karen Martin
vol11,Kyle Munoz
vol12,Gerald Hurley
vol13,Jesse Callahan
vol14,Jennifer Hardy
vol15,John Maxwell
vol16,Jasmine Farmer
vol17,Daniel Olsen
vol18,Bonnie Joseph
vol19,Courtney Schmitt
vol20,Darrell Thompson
vol21,Michael Reid
vol22,Francisco Cook
vol23,Mackenzie Davis
vol24,Kelly Walton
vol25,Katherine Tyler
vol26,David Gonzalez
vol27,Mr. Angel Salinas
vol28,Debbie Frazier
vol29,Judy Potter
vol30,Jessica Manning
vol31,Angela Garcia PhD
vol32,Elizabeth Clarke
vol33,Parker Wagner
vol34,Jessica James
vol35,Katie Nash
vol36,Jonathan Wright
vol37,Mary Myers DDS
vol38,Alexandria Gomez
vol39,Misty Gilbert
vol40,Elizabeth Sloan
vol41,Alexander Lambert
vol42,David Montoya
vol43,Troy Rice
vol44,Gary Phillips
vol45,Kimberly Boyd
vol46,Kathy Phillips
vol47,John Fields
vol48,Heather Lawson
vol49,Stephanie Banks
vol50,Marie Rivers
vol51,Jay Hayden
vol52,Melanie Jackson
vol53,Gary Vasquez
vol54,Julie Thompson
vol55,Steven Jones
vol56,Michelle Ewing
vol57,Dennis Hill
vol58,Lawrence Dorsey
vol59,Patricia Peterson
vol60,Adrian Wilson
vol61,Justin Kaiser
vol62,Megan Jones
vol63,Victoria Farmer
vol64,Judy Ford
vol65,Alice Mack
vol66,Virginia Diaz
vol67,Joy Alvarado
vol68,Brandon Mooney
vol69,Stephanie Carlson
vol70,Cody Contreras
vol71,Aaron Raymond
vol72,Margaret Reed
vol73,Ronald Alvarado
vol74,Christopher Parrish
vol75,William Burnett
vol76,James Jackson
vol77,Gina Evans
vol78,Charles Parker
vol79,Jacob Robinson
vol80,Renee Francis
vol81,Andrew Romero
vol82,Michele Horton
vol83,Taylor Wells
vol84,Glenn Lopez
vol85,Micheal Zuniga
vol86,Stacey Greene
vol87,Jeremy Smith
vol88,Angela Patterson
vol89,John Calhoun
vol90,Peter Garcia
vol91,Richard Nelson
vol92,Robert Robinson
vol93,Cynthia Carter
vol94,Nicole Jones
vol95,Dr. Jessica Pratt
vol96,Jeff Johnson
vol97,Michelle Norris
vol98,Ryan Gray
vol99,Michael Miranda
vol100,Nichole Thomas
